[
	{ "id": 1, "quote": "First learn stand, then learn fly. Nature rule, Daniel-san, not mine." },
	{ "id": 2, "quote": "Man who catch fly with chopstick accomplish anything." },
	{ "id": 3, "quote": "Lesson not just karate only, lesson for whole life." },
	{ "id": 4, "quote": "Remember, focus on breath. Breath become karate." },
	{ "id": 5, "quote": "Punch drunk no punch back." },
	{ "id": 6, "quote": "Karate for defense only." },
	{ "id": 7, "quote": "Karate here [points to head], karate here [points to heart], true karate." },
	{ "id": 8, "quote": "Wax on, wax off." },
	{ "id": 9, "quote": "For every action, there is an equal and opposite reaction." },
	{ "id": 10, "quote": "Karate is like a finger. It can point the way, but it can also be pointed at." },
	{ "id": 11, "quote": "Best block, no be there." },
	{ "id": 12, "quote": "Karate come from heart, not from muscle." },
	{ "id": 14, "quote": "In Okinawa, man who has no respect for others, not respected." },
	{ "id": 15, "quote": "First learn balance, balance good, karate good." },
	{
		"id": 16,
		"quote": "Paint the fence, wax the car, do laundry, wash dishes, all these things you do with same motion, same motion."
	},
	{ "id": 18, "quote": "Daniel-san, you have learn much. But not yet, you are karate man." },
	{ "id": 19, "quote": "Miyagi have two answers for every question. One for yes, two for no." },
	{ "id": 20, "quote": "Karate is like money, can't take with you to grave, but can leave to others." },
	{ "id": 21, "quote": "Karate is like water, can be anything, can flow, can crash." },
	{ "id": 22, "quote": "One teach, one learn." },
	{ "id": 23, "quote": "Pain no gain." },
	{ "id": 24, "quote": "Daniel-san, bad paint job, like bad karate, show hurry, show anger." },
	{ "id": 25, "quote": "Miyagi no have money, but Miyagi have peace." },
	{ "id": 26, "quote": "Miyagi have secret. Secret is not to want to win, but to want to be there." },
	{ "id": 27, "quote": "Miyagi not give, Miyagi give take." },
	{ "id": 28, "quote": "To make a stone, stone must be patient." },
	{ "id": 29, "quote": "Miyagi have no desire to be best, only desire to be better than before." }
]
